x_i,\phi(x_i),y_i\phi^T(x_i)w^*
"(-0.8	1.)","(0.64		1.		-1.13137085)",1.86102915
"(3.9	0.4)","(15.21		0.16	2.20617316)",6.362906843
"(1.4	1.)","(1.96		1.		1.97989899)",1.285098987
"(0.1	-3.3)","(0.01		10.89	-0.46669048)",4.164630476
"(1.2	2.7)","(1.44		7.29	4.58205194)",2.303368058
"(-2.45	0.1)","(6.0025		0.01	-0.34648232)",0.755092323
"(-1.5	-0.5)","(2.25		0.25	1.06066017)",1.524160172
"(1.2	-1.5)","(1.44		2.25	-2.54558441)",0.437315588
